last_campaign_received,customers,avg_campaign_cost,churn_rate
new_launch,498,0.5100401606425703,0.5100401606425703
bundle_discount,473,0.4693446088794926,0.4693446088794926
free_shipping,469,0.4626865671641791,0.4626865671641791
welcome_offer,453,0.45253863134657835,0.45253863134657835
none,507,0.4516765285996055,0.4516765285996055
