ticket_band,customers,churn_rate
0,1153,0.47181266261925414
1,781,0.5032010243277849
2,314,0.43630573248407645
3+,152,0.34868421052631576
