visit_band,customers,churn_rate
0-3,528,0.16098484848484848
4-7,295,0.23389830508474577
8-14,401,0.33915211970074816
15-30,695,0.5928057553956835
31+,481,0.8835758835758836
