loyalty_tier,customers,churn_rate
Silver,590,0.488135593220339
Not enrolled,1386,0.4834054834054834
Gold,319,0.40752351097178685
Platinum,105,0.37142857142857144
