issue_type,tickets,churn_rate
product_reaction,194,0.4484536082474227
wrong_item,213,0.4460093896713615
payment_issue,191,0.4397905759162304
general_query,324,0.4351851851851852
damaged_item,277,0.4332129963898917
refund_delay,345,0.4289855072463768
late_delivery,377,0.4270557029177719
