monetary_band,customers,avg_spend,churn_rate
lowest,480,0.5395833333333333,0.5395833333333333
low,480,0.5354166666666667,0.5354166666666667
middle,480,0.48125,0.48125
high,480,0.44583333333333336,0.44583333333333336
highest,480,0.3458333333333333,0.3458333333333333
