recency_band,customers,churn_rate
0-30,699,0.11731044349070101
31-60,441,0.30385487528344673
61-90,361,0.45706371191135736
91-120,234,0.6538461538461539
121-180,363,0.8732782369146006
181+,302,0.9139072847682119
