frequency_band,customers,churn_rate
0-1,696,0.5028735632183908
2,380,0.5657894736842105
3-4,659,0.49013657056145676
5-8,580,0.3706896551724138
9+,85,0.2823529411764706
