age_group,customers,churn_rate
35-44,534,0.48314606741573035
25-34,1045,0.4717703349282297
45+,261,0.46360153256704983
18-24,560,0.45535714285714285
