acquisition_channel,customers,churn_rate
Google Search,466,0.5042918454935622
Instagram,517,0.4990328820116054
Marketplace,456,0.49122807017543857
Influencer,231,0.47619047619047616
Referral,396,0.4217171717171717
Organic,334,0.39820359281437123
