city_tier,customers,churn_rate
Tier 2,870,0.47701149425287354
Tier 1,1005,0.4736318407960199
Tier 3,525,0.44952380952380955
