return_band,customers,churn_rate
0,1932,0.4699792960662526
0-20%,199,0.3417085427135678
20-50%,209,0.507177033492823
50%+,60,0.75
