issue_type,tickets,churn_rate,avg_sentiment,avg_resolution_hours,reopened_rate
product_reaction,194,0.4484536082474227,-0.597680412371134,36.53659793814433,0.26804123711340205
wrong_item,213,0.4460093896713615,-0.4078403755868545,20.90469483568075,0.1267605633802817
payment_issue,191,0.4397905759162304,-0.3487958115183246,20.144502617801045,0.15706806282722513
general_query,324,0.4351851851851852,-0.4150617283950617,20.830246913580247,0.16358024691358025
damaged_item,277,0.4332129963898917,-0.307942238267148,19.184115523465703,0.15162454873646208
refund_delay,345,0.4289855072463768,-0.6523188405797101,36.459420289855075,0.22318840579710145
late_delivery,377,0.4270557029177719,-0.35132625994694955,20.133421750663132,0.15649867374005305
