session_band,customers,churn_rate
0,190,0.6631578947368421
1-2,592,0.6385135135135135
3-5,599,0.5091819699499165
6-10,674,0.3649851632047478
11+,345,0.20869565217391303
